frame_num,object_id,class_id,confidence,top,left,width,height,timestamp
3823,18446744073709551615,0,0.34326171875,610.8218994140625,1574.8685302734375,345.024169921875,334.7688903808594,20250225-155054
3823,18446744073709551615,0,0.515625,688.4359130859375,327.0266418457031,182.31124877929688,138.08651733398438,20250225-155054
3823,18446744073709551615,0,0.71630859375,628.9740600585938,1288.342041015625,256.11602783203125,293.9815979003906,20250225-155054
3823,18446744073709551615,0,0.73486328125,806.6372680664062,1829.51220703125,89.73651123046875,269.0180969238281,20250225-155054
3823,18446744073709551615,0,0.7646484375,569.4407958984375,549.453125,160.76243591308594,137.74703979492188,20250225-155054
3823,18446744073709551615,0,0.9091796875,17.858917236328125,319.47662353515625,1249.880859375,1047.5994873046875,20250225-155054
3823,18446744073709551615,0,0.91650390625,488.631591796875,0.8697509765625,395.7476806640625,583.7471923828125,20250225-155054
3824,18446744073709551615,0,0.5146484375,689.5489501953125,328.6310119628906,175.28585815429688,134.8641357421875,20250225-155055
3824,18446744073709551615,0,0.5380859375,611.4473876953125,1574.772216796875,344.03961181640625,189.95526123046875,20250225-155055
3824,18446744073709551615,0,0.7138671875,800.452880859375,1826.863525390625,92.486572265625,275.4132385253906,20250225-155055
3824,18446744073709551615,0,0.76220703125,629.2191162109375,1289.4635009765625,206.62307739257812,304.98028564453125,20250225-155055
3824,18446744073709551615,0,0.87841796875,565.6365966796875,576.529541015625,151.91024780273438,113.68231201171875,20250225-155055
3824,18446744073709551615,0,0.9130859375,28.134109497070312,302.1156005859375,1251.779052734375,1039.8035888671875,20250225-155055
3824,18446744073709551615,0,0.921875,488.82275390625,0.7077484130859375,391.502685546875,581.5460815429688,20250225-155055
3825,18446744073709551615,0,0.64599609375,611.2014770507812,1576.2197265625,343.278076171875,334.0765686035156,20250225-155056
3825,18446744073709551615,0,0.6826171875,804.2874755859375,1827.158935546875,92.10406494140625,271.6789855957031,20250225-155056
3825,18446744073709551615,0,0.68701171875,630.8939208984375,1294.53857421875,237.8118896484375,301.981201171875,20250225-155056
3825,18446744073709551615,0,0.78271484375,678.8146362304688,330.149658203125,181.41744995117188,147.59921264648438,20250225-155056
3825,18446744073709551615,0,0.845703125,583.0523681640625,594.2716064453125,144.85464477539062,95.7183837890625,20250225-155056
3825,18446744073709551615,0,0.90869140625,30.247787475585938,315.94866943359375,1244.301025390625,1035.2376708984375,20250225-155056
3825,18446744073709551615,0,0.91943359375,490.42913818359375,0.6811981201171875,397.3046875,581.2022705078125,20250225-155056
3826,18446744073709551615,0,0.2139892578125,673.866943359375,1577.12451171875,127.899169921875,98.72360229492188,20250225-155057
3826,18446744073709551615,0,0.478515625,634.845703125,1611.3720703125,302.1866455078125,310.3997497558594,20250225-155057
3826,18446744073709551615,0,0.6103515625,622.4935913085938,642.9244384765625,125.11074829101562,46.546600341796875,20250225-155057
3826,18446744073709551615,0,0.615234375,667.238525390625,367.7989501953125,126.48861694335938,155.48281860351562,20250225-155057
3826,18446744073709551615,0,0.68701171875,630.7992553710938,1290.189208984375,254.63287353515625,299.5250244140625,20250225-155057
3826,18446744073709551615,0,0.7333984375,802.0475463867188,1825.797607421875,93.2559814453125,274.3333740234375,20250225-155057
3826,18446744073709551615,0,0.91162109375,20.773590087890625,296.95550537109375,1262.7271728515625,1044.853759765625,20250225-155057
3826,18446744073709551615,0,0.91259765625,495.4442138671875,0.7793426513671875,401.55877685546875,575.5274047851562,20250225-155057
3827,18446744073709551615,0,0.3173828125,692.345947265625,1742.7652587890625,61.2894287109375,77.45718383789062,20250225-155058
3827,18446744073709551615,0,0.513671875,804.0054931640625,1825.2637939453125,94.155029296875,271.4914855957031,20250225-155058
3827,18446744073709551615,0,0.5537109375,623.2188720703125,639.0591430664062,125.255859375,46.871063232421875,20250225-155058
3827,18446744073709551615,0,0.60400390625,668.0385131835938,393.8659973144531,110.28446960449219,151.611328125,20250225-155058
3827,18446744073709551615,0,0.76953125,630.8126220703125,1286.777587890625,207.34762573242188,304.3439025878906,20250225-155058
3827,18446744073709551615,0,0.91650390625,495.19573974609375,0.51708984375,394.7670593261719,576.0462646484375,20250225-155058
3827,18446744073709551615,0,0.92431640625,19.90484619140625,293.3558349609375,1257.165283203125,1045.728271484375,20250225-155058
3828,18446744073709551615,0,0.2037353515625,672.2801513671875,1631.8648681640625,99.69378662109375,73.39132690429688,20250225-155059
3828,18446744073709551615,0,0.2069091796875,630.1360473632812,546.4322509765625,110.24285888671875,81.06353759765625,20250225-155059
3828,18446744073709551615,0,0.2379150390625,691.4564208984375,1746.484130859375,57.3482666015625,79.697021484375,20250225-155059
3828,18446744073709551615,0,0.453369140625,670.0177001953125,1754.716552734375,164.45086669921875,273.2394104003906,20250225-155059
3828,18446744073709551615,0,0.6767578125,791.0284423828125,1821.3270263671875,97.6666259765625,285.3551330566406,20250225-155059
3828,18446744073709551615,0,0.744140625,627.8167724609375,1293.2647705078125,201.71841430664062,302.8597412109375,20250225-155059
3828,18446744073709551615,0,0.77978515625,607.5144653320312,644.2401123046875,136.50375366210938,60.28564453125,20250225-155059
3828,18446744073709551615,0,0.8115234375,667.28466796875,385.4713439941406,127.79502868652344,158.40371704101562,20250225-155059
3828,18446744073709551615,0,0.908203125,491.7945556640625,0.9097137451171875,393.57708740234375,578.946533203125,20250225-155059
3828,18446744073709551615,0,0.91650390625,18.8485107421875,297.25799560546875,1256.595947265625,1047.0947265625,20250225-155059
3829,18446744073709551615,0,0.2239990234375,672.438720703125,1632.74658203125,100.459716796875,73.02383422851562,20250225-155100
3829,18446744073709551615,0,0.254638671875,667.8511962890625,1759.6263427734375,159.88751220703125,258.9626770019531,20250225-155100
3829,18446744073709551615,0,0.2783203125,692.0440063476562,1736.5294189453125,63.03460693359375,78.89126586914062,20250225-155100
3829,18446744073709551615,0,0.5009765625,789.7724609375,1808.1580810546875,110.8538818359375,286.379150390625,20250225-155100
3829,18446744073709551615,0,0.75146484375,630.9193725585938,1294.2061767578125,200.269775390625,300.33563232421875,20250225-155100
3829,18446744073709551615,0,0.798828125,669.974853515625,389.30450439453125,124.74325561523438,156.58255004882812,20250225-155100
3829,18446744073709551615,0,0.80908203125,604.7001342773438,644.7617797851562,138.16543579101562,62.72003173828125,20250225-155100
3829,18446744073709551615,0,0.91162109375,491.84454345703125,0.913238525390625,393.67376708984375,578.154052734375,20250225-155100
3829,18446744073709551615,0,0.92041015625,20.202484130859375,295.98931884765625,1263.0538330078125,1045.78564453125,20250225-155100
3830,18446744073709551615,0,0.33642578125,652.1240844726562,540.0228881835938,110.00523376464844,61.816314697265625,20250225-155101
3830,18446744073709551615,0,0.361083984375,666.1078491210938,1754.0196533203125,165.78057861328125,274.130859375,20250225-155101
3830,18446744073709551615,0,0.56103515625,790.5199584960938,1814.956787109375,103.95428466796875,285.7105407714844,20250225-155101
3830,18446744073709551615,0,0.728515625,629.5426025390625,1291.71728515625,227.45416259765625,306.6155090332031,20250225-155101
3830,18446744073709551615,0,0.7490234375,670.0266723632812,389.5979919433594,117.44132995605469,154.0880126953125,20250225-155101
3830,18446744073709551615,0,0.9150390625,68.20651245117188,304.3895263671875,1254.6954345703125,996.888427734375,20250225-155101
3830,18446744073709551615,0,0.9228515625,489.7386474609375,0.8807373046875,393.19390869140625,581.275146484375,20250225-155101
3831,18446744073709551615,0,0.220703125,671.1703491210938,1634.038330078125,96.72125244140625,74.15982055664062,20250225-155102
3831,18446744073709551615,0,0.369384765625,653.0306396484375,538.0755615234375,108.80186462402344,65.67196655273438,20250225-155102
3831,18446744073709551615,0,0.58984375,664.3727416992188,387.3835144042969,127.22575378417969,163.80532836914062,20250225-155102
3831,18446744073709551615,0,0.5908203125,790.6060180664062,1808.774658203125,110.231689453125,285.83697509765625,20250225-155102
3831,18446744073709551615,0,0.69677734375,606.7714233398438,648.2109375,115.11090087890625,60.901336669921875,20250225-155102
3831,18446744073709551615,0,0.75,622.0878295898438,1277.690185546875,230.18499755859375,308.7856750488281,20250225-155102
3831,18446744073709551615,0,0.9140625,486.07598876953125,1.0493316650390625,390.353515625,584.213134765625,20250225-155102
3831,18446744073709551615,0,0.91650390625,77.783935546875,293.02447509765625,1283.26904296875,990.2803344726562,20250225-155102
3832,18446744073709551615,0,0.6083984375,661.263427734375,1807.320556640625,112.10980224609375,413.05938720703125,20250225-155103
3832,18446744073709551615,0,0.68408203125,667.919677734375,388.65289306640625,129.5409393310547,159.7452392578125,20250225-155103
3832,18446744073709551615,0,0.716796875,625.8935546875,1281.6624755859375,262.28448486328125,290.1005859375,20250225-155103
3832,18446744073709551615,0,0.77197265625,608.87841796875,1587.9012451171875,313.00543212890625,346.7328186035156,20250225-155103
3832,18446744073709551615,0,0.83447265625,598.4324340820312,553.197509765625,150.03909301757812,110.86651611328125,20250225-155103
3832,18446744073709551615,0,0.90283203125,77.39666748046875,293.1357421875,1294.7999267578125,989.900390625,20250225-155103
3832,18446744073709551615,0,0.91015625,491.47027587890625,0.42132568359375,395.89892578125,577.7437744140625,20250225-155103
3833,18446744073709551615,0,0.66357421875,655.2374267578125,389.4136962890625,127.30375671386719,170.79556274414062,20250225-155104
3833,18446744073709551615,0,0.69580078125,768.2649536132812,1789.223388671875,129.68994140625,307.2463073730469,20250225-155104
3833,18446744073709551615,0,0.72509765625,626.1068115234375,1276.7083740234375,266.01983642578125,292.1217956542969,20250225-155104
3833,18446744073709551615,0,0.7255859375,627.483154296875,518.260986328125,166.19837951660156,110.6396484375,20250225-155104
3833,18446744073709551615,0,0.822265625,601.271484375,1565.677734375,325.67889404296875,262.3840026855469,20250225-155104
3833,18446744073709551615,0,0.90966796875,46.15324401855469,312.859130859375,1268.2086181640625,1021.7142333984375,20250225-155104
3833,18446744073709551615,0,0.91162109375,489.02471923828125,1.062469482421875,389.95367431640625,580.860595703125,20250225-155104
3834,18446744073709551615,0,0.65673828125,625.5957641601562,1274.9681396484375,247.21224975585938,278.7157287597656,20250225-155105
3834,18446744073709551615,0,0.68994140625,659.1168823242188,382.04010009765625,134.03929138183594,164.3272705078125,20250225-155105
3834,18446744073709551615,0,0.72265625,630.3495483398438,518.1224365234375,165.13888549804688,102.83908081054688,20250225-155105
3834,18446744073709551615,0,0.7333984375,583.119873046875,1562.4847412109375,325.02099609375,348.6913146972656,20250225-155105
3834,18446744073709551615,0,0.7626953125,764.7321166992188,1804.660400390625,114.4390869140625,310.3165283203125,20250225-155105
3834,18446744073709551615,0,0.8974609375,30.995864868164062,290.55670166015625,1296.71435546875,1034.56494140625,20250225-155105
3834,18446744073709551615,0,0.90673828125,488.552490234375,0.880462646484375,387.7559509277344,582.4326782226562,20250225-155105
3835,18446744073709551615,0,0.58056640625,625.2235107421875,1272.934326171875,256.060546875,281.68194580078125,20250225-155106
3835,18446744073709551615,0,0.7333984375,617.1859130859375,562.6220703125,149.54104614257812,85.92489624023438,20250225-155106
3835,18446744073709551615,0,0.759765625,609.38427734375,1576.94873046875,326.1749267578125,328.79241943359375,20250225-155106
3835,18446744073709551615,0,0.77783203125,768.6359252929688,1809.255859375,109.755615234375,307.6072082519531,20250225-155106
3835,18446744073709551615,0,0.82568359375,659.8203125,383.65008544921875,137.12979125976562,167.12109375,20250225-155106
3835,18446744073709551615,0,0.90234375,29.52447509765625,291.01043701171875,1290.25390625,1035.558349609375,20250225-155106
3835,18446744073709551615,0,0.9033203125,496.06768798828125,0.720611572265625,389.59808349609375,575.1560668945312,20250225-155106
3836,18446744073709551615,0,0.54296875,616.1046752929688,1245.2794189453125,248.74539184570312,260.9385681152344,20250225-155107
3836,18446744073709551615,0,0.70654296875,779.2626342773438,1808.420654296875,110.4913330078125,297.1292724609375,20250225-155107
3836,18446744073709551615,0,0.7265625,701.158203125,1435.8076171875,116.6455078125,74.4810791015625,20250225-155107
3836,18446744073709551615,0,0.76611328125,614.2791137695312,1582.055419921875,312.11865234375,320.50726318359375,20250225-155107
3836,18446744073709551615,0,0.81396484375,602.4688720703125,544.8797607421875,153.57192993164062,108.94354248046875,20250225-155107
3836,18446744073709551615,0,0.8154296875,659.9994506835938,384.2306213378906,134.23951721191406,167.110107421875,20250225-155107
3836,18446744073709551615,0,0.90478515625,55.291351318359375,317.59771728515625,1264.960205078125,1010.6954956054688,20250225-155107
3836,18446744073709551615,0,0.91943359375,492.36456298828125,0.5235443115234375,389.199951171875,577.7264404296875,20250225-155107
3837,18446744073709551615,0,0.257568359375,673.0634765625,1621.014404296875,78.68865966796875,67.37265014648438,20250225-155108
3837,18446744073709551615,0,0.484375,622.366943359375,1257.6162109375,239.31930541992188,267.38250732421875,20250225-155108
3837,18446744073709551615,0,0.56005859375,704.33642578125,1440.390380859375,99.76446533203125,71.34896850585938,20250225-155108
3837,18446744073709551615,0,0.744140625,780.8843994140625,1809.7467041015625,109.16766357421875,295.279541015625,20250225-155108
3837,18446744073709551615,0,0.77197265625,666.3638305664062,383.6864013671875,137.9531707763672,159.47845458984375,20250225-155108
3837,18446744073709551615,0,0.775390625,602.5929565429688,560.1807861328125,154.8690948486328,104.61593627929688,20250225-155108
3837,18446744073709551615,0,0.77880859375,614.2725219726562,1579.95361328125,329.5389404296875,333.0718688964844,20250225-155108
3837,18446744073709551615,0,0.90576171875,26.0994873046875,313.9273681640625,1267.0946044921875,1039.2396240234375,20250225-155108
3837,18446744073709551615,0,0.91650390625,490.63055419921875,0.8644866943359375,391.975341796875,580.015869140625,20250225-155108
3838,18446744073709551615,0,0.43212890625,626.393310546875,1266.7001953125,228.9407958984375,261.59014892578125,20250225-155109
3838,18446744073709551615,0,0.5166015625,612.66064453125,1581.046875,311.86285400390625,204.39999389648438,20250225-155109
3838,18446744073709551615,0,0.73388671875,605.1976318359375,557.8681640625,153.0403289794922,100.93313598632812,20250225-155109
3838,18446744073709551615,0,0.75146484375,775.5466918945312,1809.1761474609375,109.83123779296875,300.2313537597656,20250225-155109
3838,18446744073709551615,0,0.79296875,671.6903686523438,374.0093688964844,138.83224487304688,154.33950805664062,20250225-155109
3838,18446744073709551615,0,0.86181640625,625.3421630859375,130.42552185058594,227.73609924316406,261.637939453125,20250225-155109
3838,18446744073709551615,0,0.8916015625,460.11639404296875,1.1964111328125,386.8268737792969,611.7529907226562,20250225-155109
3838,18446744073709551615,0,0.9052734375,26.10205078125,308.92840576171875,1274.832763671875,1041.695068359375,20250225-155109
3839,18446744073709551615,0,0.450439453125,817.7378540039062,124.49537658691406,262.51361083984375,257.95111083984375,20250225-155110
3839,18446744073709551615,0,0.6279296875,625.1453857421875,1277.332763671875,219.77938842773438,270.81976318359375,20250225-155110
3839,18446744073709551615,0,0.65771484375,822.29150390625,1843.465576171875,75.93951416015625,252.39926147460938,20250225-155110
3839,18446744073709551615,0,0.71142578125,663.7944946289062,368.6683654785156,147.99447631835938,162.24215698242188,20250225-155110
3839,18446744073709551615,0,0.7177734375,475.142578125,0.5091705322265625,386.959228515625,595.4778442382812,20250225-155110
3839,18446744073709551615,0,0.7431640625,699.7992553710938,1455.92822265625,110.23260498046875,75.10986328125,20250225-155110
3839,18446744073709551615,0,0.7529296875,613.98193359375,1569.035888671875,325.14971923828125,318.8149108886719,20250225-155110
3839,18446744073709551615,0,0.7900390625,607.341552734375,553.109619140625,154.2751007080078,103.89093017578125,20250225-155110
3839,18446744073709551615,0,0.85986328125,624.9248657226562,103.374755859375,255.233642578125,267.7394714355469,20250225-155110
3839,18446744073709551615,0,0.8974609375,30.483123779296875,304.68170166015625,1278.862060546875,1037.261962890625,20250225-155110
3840,18446744073709551615,0,0.5302734375,706.8107299804688,1448.6943359375,89.98004150390625,67.17855834960938,20250225-155111
3840,18446744073709551615,0,0.70166015625,833.4246826171875,1845.139404296875,74.2532958984375,240.86398315429688,20250225-155111
3840,18446744073709551615,0,0.72802734375,666.2268676757812,370.2818603515625,151.19361877441406,157.06842041015625,20250225-155111
3840,18446744073709551615,0,0.7490234375,627.7181396484375,1256.013671875,240.06161499023438,268.3158874511719,20250225-155111
3840,18446744073709551615,0,0.8076171875,615.4332275390625,1569.7423095703125,335.994140625,307.93084716796875,20250225-155111
3840,18446744073709551615,0,0.82373046875,598.9887084960938,524.8060913085938,160.06224060058594,133.56234741210938,20250225-155111
3840,18446744073709551615,0,0.8564453125,625.4324340820312,114.4493637084961,242.10145568847656,253.26351928710938,20250225-155111
3840,18446744073709551615,0,0.86181640625,444.88531494140625,0.8800506591796875,385.7041015625,625.088134765625,20250225-155111
3840,18446744073709551615,0,0.90625,33.99957275390625,316.4488525390625,1267.4088134765625,1034.168212890625,20250225-155111
3841,18446744073709551615,0,0.2666015625,669.9349365234375,1385.48046875,105.86746215820312,228.23162841796875,20250225-155112
3841,18446744073709551615,0,0.34326171875,676.5286865234375,1575.571044921875,128.4404296875,94.28521728515625,20250225-155112
3841,18446744073709551615,0,0.43115234375,617.558837890625,1587.670166015625,315.86883544921875,305.72186279296875,20250225-155112
3841,18446744073709551615,0,0.43310546875,625.008544921875,1259.287841796875,295.90777587890625,272.95697021484375,20250225-155112
3841,18446744073709551615,0,0.529296875,707.42333984375,1450.6490478515625,63.2633056640625,67.30426025390625,20250225-155112
3841,18446744073709551615,0,0.68505859375,823.7003173828125,1841.10302734375,78.238037109375,251.52182006835938,20250225-155112
3841,18446744073709551615,0,0.693359375,665.9807739257812,366.9745788574219,149.622802734375,160.17013549804688,20250225-155112
3841,18446744073709551615,0,0.81884765625,626.91943359375,137.89739990234375,221.02532958984375,257.760498046875,20250225-155112
3841,18446744073709551615,0,0.8232421875,600.0501708984375,532.8026733398438,155.10845947265625,127.11172485351562,20250225-155112
3841,18446744073709551615,0,0.86083984375,387.74981689453125,1.0243492126464844,383.4901428222656,685.140625,20250225-155112
3841,18446744073709551615,0,0.90673828125,32.03265380859375,292.256103515625,1289.99560546875,1036.2000732421875,20250225-155112
3842,18446744073709551615,0,0.247314453125,640.020751953125,188.932373046875,168.5706024169922,233.68011474609375,20250225-155113
3842,18446744073709551615,0,0.53515625,709.1566772460938,1448.5625,66.6192626953125,68.24111938476562,20250225-155113
3842,18446744073709551615,0,0.67138671875,626.337158203125,1260.1192626953125,234.89996337890625,259.1873474121094,20250225-155113
3842,18446744073709551615,0,0.69091796875,821.0643310546875,1841.48095703125,77.958251953125,254.24697875976562,20250225-155113
3842,18446744073709551615,0,0.69287109375,667.3624877929688,371.8986511230469,151.30105590820312,158.30685424804688,20250225-155113
3842,18446744073709551615,0,0.7099609375,617.9716186523438,1576.2059326171875,320.38970947265625,310.0897521972656,20250225-155113
3842,18446744073709551615,0,0.79296875,610.1171264648438,531.339599609375,160.42103576660156,133.44442749023438,20250225-155113
3842,18446744073709551615,0,0.86474609375,367.17572021484375,1.56591796875,390.2685241699219,704.4508056640625,20250225-155113
3842,18446744073709551615,0,0.896484375,37.295745849609375,301.38079833984375,1285.0858154296875,1030.805908203125,20250225-155113
3843,18446744073709551615,0,0.4853515625,626.7008056640625,1314.9927978515625,138.00338745117188,98.96804809570312,20250225-155114
3843,18446744073709551615,0,0.5859375,777.550537109375,1789.1180419921875,130.40203857421875,296.06011962890625,20250225-155114
3843,18446744073709551615,0,0.640625,709.0126953125,1448.885498046875,69.33151245117188,68.45361328125,20250225-155114
3843,18446744073709551615,0,0.6767578125,611.8260498046875,1572.1044921875,326.206787109375,265.0813293457031,20250225-155114
3843,18446744073709551615,0,0.7421875,667.386474609375,330.8709411621094,203.23187255859375,160.65097045898438,20250225-155114
3843,18446744073709551615,0,0.78466796875,605.3682861328125,539.880126953125,135.8312530517578,145.66964721679688,20250225-155114
3843,18446744073709551615,0,0.84716796875,627.1612548828125,143.61534118652344,213.955078125,259.4615478515625,20250225-155114
3843,18446744073709551615,0,0.86328125,61.860992431640625,398.96026611328125,1233.680908203125,1004.0687255859375,20250225-155114
3843,18446744073709551615,0,0.90576171875,386.59222412109375,1.1029815673828125,408.3592529296875,685.6312866210938,20250225-155114
3844,18446744073709551615,0,0.394287109375,699.8820190429688,1456.6690673828125,59.85809326171875,49.142120361328125,20250225-155115
3844,18446744073709551615,0,0.58984375,614.6058349609375,1570.9654541015625,320.6484375,315.68572998046875,20250225-155115
3844,18446744073709551615,0,0.60009765625,666.7919311523438,369.4064025878906,168.046875,157.64886474609375,20250225-155115
3844,18446744073709551615,0,0.6806640625,628.6126098632812,1262.51025390625,181.19723510742188,86.69247436523438,20250225-155115
3844,18446744073709551615,0,0.763671875,592.9888916015625,483.6202697753906,191.5282745361328,232.23806762695312,20250225-155115
3844,18446744073709551615,0,0.7734375,796.4035034179688,1798.574951171875,120.8507080078125,278.3736877441406,20250225-155115
3844,18446744073709551615,0,0.830078125,627.3001098632812,121.21829223632812,235.2832489013672,282.577880859375,20250225-155115
3844,18446744073709551615,0,0.87890625,21.714202880859375,356.33184814453125,1270.1363525390625,1045.7076416015625,20250225-155115
3844,18446744073709551615,0,0.908203125,395.3961181640625,1.29730224609375,410.45477294921875,677.196044921875,20250225-155115
3845,18446744073709551615,0,0.216064453125,625.73876953125,100.96394348144531,121.47612762451172,172.67807006835938,20250225-155116
3845,18446744073709551615,0,0.4765625,698.751708984375,1453.850830078125,108.3372802734375,74.77249145507812,20250225-155116
3845,18446744073709551615,0,0.56396484375,616.6016235351562,1570.4534912109375,315.34735107421875,191.17849731445312,20250225-155116
3845,18446744073709551615,0,0.67822265625,627.359619140625,1263.9010009765625,178.16802978515625,91.87564086914062,20250225-155116
3845,18446744073709551615,0,0.716796875,599.314453125,532.6305541992188,127.80830383300781,171.05850219726562,20250225-155116
3845,18446744073709551615,0,0.7880859375,666.22998046875,372.74639892578125,170.29710388183594,159.64755249023438,20250225-155116
3845,18446744073709551615,0,0.82275390625,799.4649658203125,1799.0167236328125,120.49090576171875,275.1258544921875,20250225-155116
3845,18446744073709551615,0,0.86083984375,625.924072265625,101.8366470336914,256.0965576171875,283.7295227050781,20250225-155116
3845,18446744073709551615,0,0.869140625,430.70489501953125,0.74395751953125,402.65301513671875,639.7772216796875,20250225-155116
3845,18446744073709551615,0,0.89599609375,36.935028076171875,353.02752685546875,1257.1146240234375,1028.87060546875,20250225-155116
3846,18446744073709551615,0,0.2005615234375,622.7144165039062,531.7853393554688,128.56837463378906,148.52197265625,20250225-155117
3846,18446744073709551615,0,0.4072265625,633.1224975585938,170.1414794921875,185.39849853515625,230.80966186523438,20250225-155117
3846,18446744073709551615,0,0.60400390625,618.9270629882812,1571.612548828125,311.1705322265625,191.5345458984375,20250225-155117
3846,18446744073709551615,0,0.64599609375,697.83251953125,1459.833251953125,101.958984375,76.97048950195312,20250225-155117
3846,18446744073709551615,0,0.6611328125,666.0032958984375,361.621826171875,182.15719604492188,160.99951171875,20250225-155117
3846,18446744073709551615,0,0.75,627.784423828125,1267.649169921875,176.16082763671875,90.07772827148438,20250225-155117
3846,18446744073709551615,0,0.80078125,799.35205078125,1798.3421630859375,121.25848388671875,275.0651550292969,20250225-155117
3846,18446744073709551615,0,0.91357421875,413.99688720703125,1.4165496826171875,431.7988586425781,654.9810791015625,20250225-155117
3846,18446744073709551615,0,0.91455078125,37.76495361328125,361.682373046875,1247.505126953125,1027.667236328125,20250225-155117
3847,18446744073709551615,0,0.30908203125,641.8595581054688,180.7034454345703,174.065185546875,226.60958862304688,20250225-155118
3847,18446744073709551615,0,0.6103515625,619.6693725585938,1569.4200439453125,313.81439208984375,190.20529174804688,20250225-155118
3847,18446744073709551615,0,0.68994140625,700.3804931640625,1464.545654296875,99.098876953125,74.41058349609375,20250225-155118
3847,18446744073709551615,0,0.6982421875,662.0810546875,392.0296325683594,141.4827117919922,163.92205810546875,20250225-155118
3847,18446744073709551615,0,0.7421875,628.9872436523438,1267.9188232421875,176.15716552734375,93.81088256835938,20250225-155118
3847,18446744073709551615,0,0.83154296875,800.09326171875,1798.439208984375,121.16180419921875,273.88037109375,20250225-155118
3847,18446744073709551615,0,0.876953125,24.597747802734375,361.4102783203125,1255.055419921875,1041.7818603515625,20250225-155118
3847,18446744073709551615,0,0.900390625,415.21124267578125,1.8035888671875,431.2393798828125,653.5615234375,20250225-155118
3848,18446744073709551615,0,0.42822265625,639.3418579101562,172.97930908203125,182.36024475097656,228.44036865234375,20250225-155119
3848,18446744073709551615,0,0.5478515625,617.864501953125,1572.13623046875,310.86163330078125,317.2396545410156,20250225-155119
3848,18446744073709551615,0,0.6376953125,601.07861328125,568.60595703125,149.81195068359375,156.31292724609375,20250225-155119
3848,18446744073709551615,0,0.64892578125,659.8837280273438,379.8495788574219,157.03579711914062,166.5992431640625,20250225-155119
3848,18446744073709551615,0,0.7041015625,630.0169677734375,1305.2298583984375,140.8062744140625,93.7459716796875,20250225-155119
3848,18446744073709551615,0,0.73486328125,700.6458740234375,1468.26220703125,97.452392578125,72.45703125,20250225-155119
3848,18446744073709551615,0,0.82861328125,797.853759765625,1798.6944580078125,120.81683349609375,276.47955322265625,20250225-155119
3848,18446744073709551615,0,0.900390625,36.294158935546875,360.07696533203125,1249.05908203125,1031.568603515625,20250225-155119
3848,18446744073709551615,0,0.91552734375,423.7664794921875,1.225799560546875,431.2669372558594,645.322021484375,20250225-155119
3849,18446744073709551615,0,0.4921875,600.2122192382812,568.4190673828125,145.77987670898438,157.53268432617188,20250225-155120
3849,18446744073709551615,0,0.66455078125,699.0726928710938,1463.66357421875,101.30548095703125,74.84976196289062,20250225-155120
3849,18446744073709551615,0,0.6982421875,667.7901611328125,382.9804382324219,149.69497680664062,158.09527587890625,20250225-155120
3849,18446744073709551615,0,0.70654296875,629.3750610351562,1296.3204345703125,149.15670776367188,95.41598510742188,20250225-155120
3849,18446744073709551615,0,0.751953125,615.75439453125,1570.493408203125,324.51800537109375,311.115234375,20250225-155120
3849,18446744073709551615,0,0.81005859375,626.3377075195312,167.73861694335938,187.54531860351562,242.12054443359375,20250225-155120
3849,18446744073709551615,0,0.818359375,799.9912719726562,1799.8135986328125,119.608154296875,274.3309020996094,20250225-155120
3849,18446744073709551615,0,0.89208984375,26.540451049804688,357.24334716796875,1253.7451171875,1041.7100830078125,20250225-155120
3849,18446744073709551615,0,0.908203125,423.1571044921875,1.2745513916015625,428.7508850097656,645.6318359375,20250225-155120
3850,18446744073709551615,0,0.28857421875,625.661865234375,1310.650146484375,300.34368896484375,443.9142150878906,20250225-155121
3850,18446744073709551615,0,0.4677734375,599.8873291015625,565.216796875,153.3533935546875,164.244873046875,20250225-155121
3850,18446744073709551615,0,0.548828125,626.63525390625,1308.5330810546875,137.52099609375,101.54653930664062,20250225-155121
3850,18446744073709551615,0,0.5869140625,698.8916015625,1470.2427978515625,67.4388427734375,73.20391845703125,20250225-155121
3850,18446744073709551615,0,0.74609375,615.481201171875,1571.57861328125,323.559814453125,310.9311218261719,20250225-155121
3850,18446744073709551615,0,0.78076171875,669.596923828125,386.1902160644531,146.43319702148438,156.44137573242188,20250225-155121
3850,18446744073709551615,0,0.8310546875,800.8888549804688,1800.9385986328125,118.57196044921875,273.6109313964844,20250225-155121
3850,18446744073709551615,0,0.8466796875,623.625,152.8659210205078,201.8195343017578,244.56170654296875,20250225-155121
3850,18446744073709551615,0,0.880859375,37.58647155761719,362.21722412109375,1105.578125,1029.2574462890625,20250225-155121
3850,18446744073709551615,0,0.91357421875,433.14495849609375,1.2678680419921875,422.1209716796875,636.2080078125,20250225-155121
3851,18446744073709551615,0,0.544921875,701.2840576171875,1472.9908447265625,69.82489013671875,70.8131103515625,20250225-155122
3851,18446744073709551615,0,0.6376953125,618.5980224609375,1257.496826171875,174.7760009765625,89.62820434570312,20250225-155122
3851,18446744073709551615,0,0.689453125,617.17529296875,1576.9951171875,320.4949951171875,314.8839111328125,20250225-155122
3851,18446744073709551615,0,0.72802734375,600.1343994140625,523.479736328125,175.2824249267578,197.67169189453125,20250225-155122
3851,18446744073709551615,0,0.78857421875,629.5806884765625,162.43295288085938,193.28453063964844,250.96133422851562,20250225-155122
3851,18446744073709551615,0,0.806640625,670.4356689453125,386.552734375,145.88690185546875,155.14581298828125,20250225-155122
3851,18446744073709551615,0,0.84423828125,800.6031494140625,1801.0155029296875,118.48663330078125,273.968994140625,20250225-155122
3851,18446744073709551615,0,0.86474609375,453.8558349609375,1.289520263671875,410.2478942871094,616.79931640625,20250225-155122
3851,18446744073709551615,0,0.896484375,17.7916259765625,341.36041259765625,1260.39404296875,1051.7354736328125,20250225-155122
3852,18446744073709551615,0,0.36669921875,670.6324462890625,384.8189392089844,127.74307250976562,154.740966796875,20250225-155123
3852,18446744073709551615,0,0.615234375,701.8712768554688,1464.78759765625,105.497314453125,75.61221313476562,20250225-155123
3852,18446744073709551615,0,0.642578125,611.0548095703125,1218.67626953125,188.41598510742188,99.76089477539062,20250225-155123
3852,18446744073709551615,0,0.7373046875,616.7515869140625,1569.5050048828125,327.23291015625,269.1876525878906,20250225-155123
3852,18446744073709551615,0,0.83984375,801.093994140625,1801.0535888671875,118.36065673828125,273.5072021484375,20250225-155123
3852,18446744073709551615,0,0.85205078125,501.1355895996094,1.227813720703125,411.14886474609375,570.01904296875,20250225-155123
3852,18446744073709551615,0,0.87109375,47.751617431640625,329.39794921875,1258.7457275390625,1019.5995483398438,20250225-155123
3853,18446744073709551615,0,0.265869140625,646.7928466796875,1396.695068359375,53.3895263671875,77.823486328125,20250225-155124
3853,18446744073709551615,0,0.56689453125,668.8339233398438,335.8065185546875,169.74337768554688,155.34329223632812,20250225-155124
3853,18446744073709551615,0,0.57080078125,609.021728515625,1241.2293701171875,204.31842041015625,116.42486572265625,20250225-155124
3853,18446744073709551615,0,0.75,699.9539794921875,1463.5400390625,101.61859130859375,73.44351196289062,20250225-155124
3853,18446744073709551615,0,0.765625,612.2724609375,1569.1168212890625,336.33197021484375,301.0553283691406,20250225-155124
3853,18446744073709551615,0,0.81103515625,797.4935302734375,1801.258544921875,118.1744384765625,276.8668212890625,20250225-155124
3853,18446744073709551615,0,0.88818359375,37.23138427734375,334.08050537109375,1252.5084228515625,1028.3543701171875,20250225-155124
3853,18446744073709551615,0,0.89501953125,500.6224365234375,0.7228546142578125,410.39312744140625,571.5341796875,20250225-155124
3854,18446744073709551615,0,0.2509765625,671.205322265625,1572.7255859375,143.572265625,99.24069213867188,20250225-155125
3854,18446744073709551615,0,0.41015625,648.3682250976562,501.09832763671875,126.78730773925781,138.6148681640625,20250225-155125
3854,18446744073709551615,0,0.49609375,612.903564453125,1575.2442626953125,319.70928955078125,290.24249267578125,20250225-155125
3854,18446744073709551615,0,0.6259765625,694.910888671875,1459.3853759765625,106.11053466796875,78.34075927734375,20250225-155125
3854,18446744073709551615,0,0.6513671875,614.290283203125,1261.6875,203.7659912109375,120.22824096679688,20250225-155125
3854,18446744073709551615,0,0.716796875,798.6591796875,1803.544921875,115.89166259765625,275.5485534667969,20250225-155125
3854,18446744073709551615,0,0.73583984375,672.2413330078125,388.1064453125,141.46261596679688,154.84762573242188,20250225-155125
3854,18446744073709551615,0,0.8916015625,44.48162841796875,335.17730712890625,1256.444091796875,1023.1710205078125,20250225-155125
3854,18446744073709551615,0,0.8994140625,502.58331298828125,1.0980377197265625,411.9373779296875,569.3410034179688,20250225-155125
3855,18446744073709551615,0,0.478515625,672.13525390625,387.8191223144531,125.58128356933594,150.55792236328125,20250225-155126
3855,18446744073709551615,0,0.681640625,615.0056762695312,1572.662841796875,324.11041259765625,296.3719482421875,20250225-155126
3855,18446744073709551615,0,0.69775390625,692.5631103515625,1445.9820556640625,120.614501953125,80.46029663085938,20250225-155126
3855,18446744073709551615,0,0.70556640625,619.0283203125,1230.1446533203125,202.90887451171875,107.30859375,20250225-155126
3855,18446744073709551615,0,0.796875,620.4526977539062,451.80816650390625,178.54014587402344,198.29507446289062,20250225-155126
3855,18446744073709551615,0,0.818359375,803.2166748046875,1802.3199462890625,117.09466552734375,271.1219787597656,20250225-155126
3855,18446744073709551615,0,0.89013671875,49.36418151855469,329.9769287109375,1268.97509765625,1018.7471923828125,20250225-155126
3855,18446744073709551615,0,0.90478515625,502.658935546875,1.098541259765625,410.27508544921875,568.2702026367188,20250225-155126
3856,18446744073709551615,0,0.42529296875,671.6737060546875,328.3797302246094,143.94741821289062,154.1239013671875,20250225-155127
3856,18446744073709551615,0,0.48828125,632.6766357421875,1255.138671875,147.78900146484375,76.07070922851562,20250225-155127
3856,18446744073709551615,0,0.60693359375,677.8082885742188,667.95751953125,77.56741333007812,63.098602294921875,20250225-155127
3856,18446744073709551615,0,0.69091796875,614.9364624023438,1568.825439453125,330.992431640625,309.2773132324219,20250225-155127
3856,18446744073709551615,0,0.712890625,799.5858764648438,1801.2410888671875,118.1817626953125,274.8534851074219,20250225-155127
3856,18446744073709551615,0,0.8388671875,615.1878662109375,442.5062255859375,215.78485107421875,210.24929809570312,20250225-155127
3856,18446744073709551615,0,0.85400390625,688.43505859375,1452.462646484375,114.21624755859375,91.84661865234375,20250225-155127
3856,18446744073709551615,0,0.9111328125,506.6265563964844,1.091949462890625,464.1405944824219,564.796875,20250225-155127
3856,18446744073709551615,0,0.9443359375,148.49853515625,577.510986328125,987.2422485351562,920.3717651367188,20250225-155127
3857,18446744073709551615,0,0.242919921875,668.7174682617188,1206.6630859375,51.41839599609375,27.256622314453125,20250225-155128
3857,18446744073709551615,0,0.31494140625,697.5716552734375,1786.380126953125,75.949951171875,90.92083740234375,20250225-155128
3857,18446744073709551615,0,0.3857421875,698.517578125,1864.223876953125,55.08270263671875,107.171630859375,20250225-155128
3857,18446744073709551615,0,0.4970703125,671.0880126953125,387.0029296875,108.51187133789062,154.5347900390625,20250225-155128
3857,18446744073709551615,0,0.658203125,641.4027099609375,1236.97509765625,260.39794921875,364.0930480957031,20250225-155128
3857,18446744073709551615,0,0.669921875,678.2156982421875,667.0116577148438,83.64143371582031,91.47994995117188,20250225-155128
3857,18446744073709551615,0,0.75048828125,691.705810546875,1443.17138671875,110.5546875,88.32843017578125,20250225-155128
3857,18446744073709551615,0,0.7861328125,793.6171875,1802.073486328125,117.4427490234375,281.5104675292969,20250225-155128
3857,18446744073709551615,0,0.79833984375,614.454833984375,1572.9583740234375,316.69097900390625,305.644775390625,20250225-155128
3857,18446744073709551615,0,0.8564453125,616.8967895507812,453.4988708496094,230.93197631835938,210.33609008789062,20250225-155128
3857,18446744073709551615,0,0.927734375,517.4000244140625,0.842376708984375,465.5717468261719,553.8301391601562,20250225-155128
3857,18446744073709551615,0,0.93701171875,242.55780029296875,563.104736328125,900.1400756835938,825.8845825195312,20250225-155128
3858,18446744073709551615,0,0.259765625,626.805908203125,1197.8492431640625,223.66131591796875,135.59646606445312,20250225-155129
3858,18446744073709551615,0,0.3251953125,683.4327392578125,799.6021728515625,40.177001953125,31.9610595703125,20250225-155129
3858,18446744073709551615,0,0.37744140625,663.7648315429688,371.3432312011719,113.09781646728516,162.05758666992188,20250225-155129
3858,18446744073709551615,0,0.5029296875,616.2335815429688,1572.37060546875,333.22283935546875,317.9885559082031,20250225-155129
3858,18446744073709551615,0,0.67138671875,625.478759765625,1204.305419921875,304.3671569824219,323.1341857910156,20250225-155129
3858,18446744073709551615,0,0.6875,677.5838623046875,670.1080322265625,80.39085388183594,89.89434814453125,20250225-155129
3858,18446744073709551615,0,0.7431640625,700.752685546875,1433.968994140625,120.44952392578125,77.70721435546875,20250225-155129
3858,18446744073709551615,0,0.8564453125,795.78076171875,1802.24072265625,117.0823974609375,278.7281799316406,20250225-155129
3858,18446744073709551615,0,0.87451171875,612.5857543945312,438.8536376953125,245.92259216308594,214.89505004882812,20250225-155129
3858,18446744073709551615,0,0.9267578125,514.7960815429688,0.8720855712890625,462.820556640625,556.4940185546875,20250225-155129
3858,18446744073709551615,0,0.93994140625,239.73431396484375,564.5999145507812,978.1212158203125,829.4007568359375,20250225-155129
3859,18446744073709551615,0,0.373046875,668.2481689453125,402.4682922363281,73.36289978027344,112.27999877929688,20250225-155130
3859,18446744073709551615,0,0.452392578125,684.838623046875,809.0802001953125,41.47613525390625,26.9747314453125,20250225-155130
3859,18446744073709551615,0,0.68408203125,716.3124389648438,1444.35498046875,68.83383178710938,62.842803955078125,20250225-155130
3859,18446744073709551615,0,0.70068359375,616.2239990234375,1569.0289306640625,325.42254638671875,313.70123291015625,20250225-155130
3859,18446744073709551615,0,0.71142578125,626.0571899414062,1202.813720703125,312.4639892578125,313.99200439453125,20250225-155130
3859,18446744073709551615,0,0.76904296875,677.7059326171875,669.9471435546875,91.89884948730469,96.05410766601562,20250225-155130
3859,18446744073709551615,0,0.8466796875,798.6047973632812,1801.67822265625,117.83056640625,275.8948974609375,20250225-155130
3859,18446744073709551615,0,0.87255859375,615.0855712890625,437.55230712890625,258.19061279296875,218.35894775390625,20250225-155130
3859,18446744073709551615,0,0.9267578125,516.3424072265625,0.903076171875,462.12652587890625,554.3822021484375,20250225-155130
3859,18446744073709551615,0,0.9375,226.88827514648438,587.97900390625,982.1473388671875,840.8922729492188,20250225-155130
3860,18446744073709551615,0,0.203125,625.286376953125,1254.4248046875,172.06988525390625,109.6226806640625,20250225-155131
3860,18446744073709551615,0,0.2193603515625,703.6092529296875,618.6596069335938,30.060150146484375,53.87091064453125,20250225-155131
3860,18446744073709551615,0,0.43017578125,627.9556274414062,1256.1357421875,254.49581909179688,240.55023193359375,20250225-155131
3860,18446744073709551615,0,0.4892578125,693.938232421875,1421.46337890625,99.16891479492188,89.06881713867188,20250225-155131
3860,18446744073709551615,0,0.59619140625,664.6426391601562,387.78857421875,90.67025756835938,139.01605224609375,20250225-155131
3860,18446744073709551615,0,0.6103515625,616.8718872070312,1572.7060546875,327.64434814453125,174.50491333007812,20250225-155131
3860,18446744073709551615,0,0.7255859375,798.736083984375,1803.938720703125,115.471435546875,275.4575500488281,20250225-155131
3860,18446744073709551615,0,0.76416015625,678.9252319335938,677.60693359375,92.69943237304688,83.35537719726562,20250225-155131
3860,18446744073709551615,0,0.8818359375,614.8892211914062,438.32281494140625,245.49041748046875,212.88784790039062,20250225-155131
3860,18446744073709551615,0,0.9072265625,162.65208435058594,561.5773315429688,1206.3916015625,903.8031005859375,20250225-155131
3860,18446744073709551615,0,0.92822265625,514.823486328125,0.67822265625,464.643310546875,556.0695190429688,20250225-155131
3861,18446744073709551615,0,0.29736328125,667.497314453125,1572.095947265625,120.9576416015625,106.16802978515625,20250225-155132
3861,18446744073709551615,0,0.388671875,688.9293823242188,1889.0987548828125,30.296630859375,112.13864135742188,20250225-155132
3861,18446744073709551615,0,0.438720703125,628.553955078125,1224.087646484375,217.115478515625,170.76544189453125,20250225-155132
3861,18446744073709551615,0,0.5126953125,616.1856079101562,1573.5816650390625,313.6783447265625,313.3883056640625,20250225-155132
3861,18446744073709551615,0,0.56591796875,669.4282836914062,391.17633056640625,96.02975463867188,154.80935668945312,20250225-155132
3861,18446744073709551615,0,0.74609375,697.745361328125,1429.125244140625,88.31524658203125,86.30484008789062,20250225-155132
3861,18446744073709551615,0,0.74609375,678.2845458984375,674.21826171875,94.98458862304688,86.1456298828125,20250225-155132
3861,18446744073709551615,0,0.7529296875,798.186767578125,1804.994384765625,114.52862548828125,276.3412170410156,20250225-155132
3861,18446744073709551615,0,0.86865234375,614.3692626953125,442.4804992675781,244.80825805664062,213.711181640625,20250225-155132
3861,18446744073709551615,0,0.916015625,508.7386779785156,0.71923828125,465.31988525390625,562.3538818359375,20250225-155132
3861,18446744073709551615,0,0.9423828125,187.50091552734375,567.488525390625,975.7227172851562,881.8591918945312,20250225-155132
3862,18446744073709551615,0,0.3720703125,692.2261962890625,1874.583984375,44.82000732421875,104.95431518554688,20250225-155133
3862,18446744073709551615,0,0.388671875,665.2679443359375,1570.049560546875,124.22222900390625,109.59732055664062,20250225-155133
3862,18446744073709551615,0,0.490234375,619.6788940429688,1682.2305908203125,217.61553955078125,174.61102294921875,20250225-155133
3862,18446744073709551615,0,0.5126953125,631.1050415039062,1246.8580322265625,191.445556640625,107.09115600585938,20250225-155133
3862,18446744073709551615,0,0.55810546875,671.1820678710938,390.5131530761719,96.09791564941406,153.6639404296875,20250225-155133
3862,18446744073709551615,0,0.57080078125,796.4263916015625,1803.157470703125,116.36297607421875,278.5396728515625,20250225-155133
3862,18446744073709551615,0,0.70751953125,678.6670532226562,673.9979858398438,87.8126220703125,91.75469970703125,20250225-155133
3862,18446744073709551615,0,0.8681640625,154.0374298095703,577.13330078125,1171.5465087890625,914.507080078125,20250225-155133
3862,18446744073709551615,0,0.87060546875,614.0223999023438,442.22369384765625,247.7940216064453,216.27255249023438,20250225-155133
3862,18446744073709551615,0,0.92236328125,512.2176513671875,1.0902557373046875,465.8121337890625,558.0997924804688,20250225-155133
3863,18446744073709551615,0,0.382080078125,667.3826293945312,1569.4537353515625,125.19854736328125,106.79324340820312,20250225-155134
3863,18446744073709551615,0,0.4130859375,618.145263671875,1573.327392578125,326.567138671875,182.37908935546875,20250225-155134
3863,18446744073709551615,0,0.42529296875,683.90185546875,804.4267578125,43.29437255859375,28.80889892578125,20250225-155134
3863,18446744073709551615,0,0.443603515625,693.9254150390625,1882.76953125,36.6756591796875,106.44635009765625,20250225-155134
3863,18446744073709551615,0,0.52734375,626.7892456054688,1242.1722412109375,203.2705078125,150.82754516601562,20250225-155134
3863,18446744073709551615,0,0.5908203125,671.7449340820312,391.3890380859375,108.72276306152344,153.25946044921875,20250225-155134
3863,18446744073709551615,0,0.60009765625,806.390380859375,1802.8663330078125,116.14471435546875,270.01318359375,20250225-155134
3863,18446744073709551615,0,0.75048828125,678.0979614257812,673.609619140625,87.45021057128906,99.15444946289062,20250225-155134
3863,18446744073709551615,0,0.845703125,688.179443359375,1439.1221923828125,130.0623779296875,93.52020263671875,20250225-155134
3863,18446744073709551615,0,0.86328125,613.9072265625,450.0085144042969,253.17759704589844,241.26507568359375,20250225-155134
3863,18446744073709551615,0,0.921875,510.6763916015625,0.9773712158203125,466.7635803222656,559.0355224609375,20250225-155134
3863,18446744073709551615,0,0.94091796875,174.487060546875,591.975830078125,964.4241943359375,893.310791015625,20250225-155134
3864,18446744073709551615,0,0.263671875,690.0719604492188,1396.3861083984375,57.567901611328125,84.50445556640625,20250225-155135
3864,18446744073709551615,0,0.316650390625,666.6348266601562,1572.7276611328125,122.90386962890625,106.9801025390625,20250225-155135
3864,18446744073709551615,0,0.4814453125,685.62744140625,808.9517211914062,44.636627197265625,29.714447021484375,20250225-155135
3864,18446744073709551615,0,0.484375,615.1389770507812,1573.2421875,330.49053955078125,262.3209228515625,20250225-155135
3864,18446744073709551615,0,0.59814453125,672.43115234375,390.9835510253906,118.69308471679688,152.52960205078125,20250225-155135
3864,18446744073709551615,0,0.67578125,625.9215087890625,1236.85009765625,211.1619873046875,147.60507202148438,20250225-155135
3864,18446744073709551615,0,0.7255859375,688.025390625,1802.8355712890625,116.60284423828125,382.9382629394531,20250225-155135
3864,18446744073709551615,0,0.75341796875,678.170654296875,673.371337890625,81.89794921875,99.39797973632812,20250225-155135
3864,18446744073709551615,0,0.81396484375,678.8021850585938,1435.364501953125,139.74627685546875,99.75814819335938,20250225-155135
3864,18446744073709551615,0,0.861328125,613.9901733398438,451.5809326171875,251.35047912597656,245.83676147460938,20250225-155135
3864,18446744073709551615,0,0.92041015625,511.91436767578125,1.076202392578125,468.5759582519531,557.61083984375,20250225-155135
3864,18446744073709551615,0,0.94677734375,158.0892333984375,596.3930053710938,973.537353515625,909.7481689453125,20250225-155135
3865,18446744073709551615,0,0.42724609375,684.884033203125,817.3597412109375,42.98492431640625,27.554534912109375,20250225-155136
3865,18446744073709551615,0,0.462890625,671.4686279296875,388.8157653808594,101.93096923828125,153.13925170898438,20250225-155136
3865,18446744073709551615,0,0.470703125,619.5186767578125,1687.6380615234375,217.68255615234375,178.125,20250225-155136
3865,18446744073709551615,0,0.61669921875,688.5972290039062,1802.9765625,116.4678955078125,384.7616271972656,20250225-155136
3865,18446744073709551615,0,0.65673828125,667.3690795898438,1573.8834228515625,122.49993896484375,107.39657592773438,20250225-155136
3865,18446744073709551615,0,0.6748046875,626.441162109375,1254.05224609375,206.57125854492188,157.94100952148438,20250225-155136
3865,18446744073709551615,0,0.78076171875,677.6940307617188,673.934326171875,94.3795166015625,103.93460083007812,20250225-155136
3865,18446744073709551615,0,0.798828125,687.037353515625,1445.73291015625,103.9061279296875,90.69094848632812,20250225-155136
3865,18446744073709551615,0,0.86083984375,614.6456298828125,443.1851806640625,265.7071838378906,282.14263916015625,20250225-155136
3865,18446744073709551615,0,0.919921875,509.05792236328125,1.02923583984375,467.08056640625,560.0078125,20250225-155136
3865,18446744073709551615,0,0.94775390625,173.1610107421875,601.6759033203125,955.155029296875,895.4569702148438,20250225-155136
3866,18446744073709551615,0,0.2069091796875,690.075439453125,1897.648681640625,21.60845947265625,70.72540283203125,20250225-155137
3866,18446744073709551615,0,0.31396484375,618.4061279296875,453.4618835449219,74.91677856445312,112.99722290039062,20250225-155137
3866,18446744073709551615,0,0.3857421875,620.1674194335938,1686.451416015625,211.7406005859375,184.43618774414062,20250225-155137
3866,18446744073709551615,0,0.517578125,809.7398071289062,1803.368408203125,115.55218505859375,266.5155944824219,20250225-155137
3866,18446744073709551615,0,0.67724609375,672.4312133789062,391.03759765625,139.78280639648438,153.7767333984375,20250225-155137
3866,18446744073709551615,0,0.71533203125,666.3173217773438,1570.3018798828125,125.54827880859375,106.92974853515625,20250225-155137
3866,18446744073709551615,0,0.75048828125,631.8502807617188,1258.717041015625,184.64639282226562,132.46856689453125,20250225-155137
3866,18446744073709551615,0,0.7958984375,689.7299194335938,1428.697509765625,112.17681884765625,90.274658203125,20250225-155137
3866,18446744073709551615,0,0.908203125,509.4375915527344,1.0891571044921875,468.52508544921875,560.4871215820312,20250225-155137
3866,18446744073709551615,0,0.94677734375,181.193115234375,482.4453125,1089.913330078125,886.4000244140625,20250225-155137
3867,18446744073709551615,0,0.32177734375,667.2412719726562,1572.6416015625,124.77996826171875,106.08975219726562,20250225-155138
3867,18446744073709551615,0,0.330322265625,619.6188354492188,1685.6845703125,227.4609375,185.80169677734375,20250225-155138
3867,18446744073709551615,0,0.43115234375,685.0702514648438,810.7985229492188,51.7833251953125,31.857696533203125,20250225-155138
3867,18446744073709551615,0,0.57470703125,671.9945068359375,393.17120361328125,116.23928833007812,155.07659912109375,20250225-155138
3867,18446744073709551615,0,0.6826171875,634.9425659179688,1248.095458984375,194.44143676757812,129.90545654296875,20250225-155138
3867,18446744073709551615,0,0.77197265625,677.9801025390625,674.2692260742188,96.93896484375,109.5941162109375,20250225-155138
3867,18446744073709551615,0,0.7939453125,799.3423461914062,1805.357421875,113.9769287109375,275.463134765625,20250225-155138
3867,18446744073709551615,0,0.8115234375,686.8397827148438,1439.81982421875,108.43524169921875,91.37063598632812,20250225-155138
3867,18446744073709551615,0,0.84326171875,514.2052001953125,1.1497650146484375,671.7590942382812,556.6964111328125,20250225-155138
3867,18446744073709551615,0,0.8525390625,615.4103393554688,454.02081298828125,261.9951171875,264.9791564941406,20250225-155138
3867,18446744073709551615,0,0.9306640625,177.60067749023438,606.0404663085938,970.5970458984375,889.6430053710938,20250225-155138
3868,18446744073709551615,0,0.291748046875,666.0040283203125,1574.6641845703125,121.1934814453125,108.42361450195312,20250225-155139
3868,18446744073709551615,0,0.392333984375,621.736083984375,1576.8662109375,328.83343505859375,306.6329040527344,20250225-155139
3868,18446744073709551615,0,0.447509765625,685.5829467773438,808.48974609375,41.689727783203125,27.597747802734375,20250225-155139
3868,18446744073709551615,0,0.55078125,672.112060546875,393.5527038574219,133.48951721191406,154.36669921875,20250225-155139
3868,18446744073709551615,0,0.71923828125,622.7561645507812,1248.0494384765625,193.49276733398438,139.62515258789062,20250225-155139
3868,18446744073709551615,0,0.76953125,800.348876953125,1806.2427978515625,113.27655029296875,273.9233093261719,20250225-155139
3868,18446744073709551615,0,0.8056640625,678.5103149414062,677.87939453125,93.25259399414062,106.355712890625,20250225-155139
3868,18446744073709551615,0,0.8203125,173.0625,448.8907470703125,1124.4166259765625,895.071533203125,20250225-155139
3868,18446744073709551615,0,0.84814453125,685.3685302734375,1439.5828857421875,113.62518310546875,92.64944458007812,20250225-155139
3868,18446744073709551615,0,0.8759765625,614.291015625,453.8323974609375,259.623779296875,300.16864013671875,20250225-155139
3868,18446744073709551615,0,0.91064453125,512.8921508789062,1.055511474609375,468.22613525390625,555.5516357421875,20250225-155139
3869,18446744073709551615,0,0.27978515625,667.0361328125,1571.363037109375,119.28515625,106.92974853515625,20250225-155140
3869,18446744073709551615,0,0.4599609375,624.2611083984375,1261.2510986328125,196.1004638671875,153.43551635742188,20250225-155140
3869,18446744073709551615,0,0.4814453125,658.7177734375,1386.2333984375,93.36703491210938,132.59454345703125,20250225-155140
3869,18446744073709551615,0,0.4990234375,617.3959350585938,1571.9879150390625,316.30535888671875,300.6036071777344,20250225-155140
3869,18446744073709551615,0,0.591796875,672.787109375,392.36737060546875,116.19126892089844,152.649169921875,20250225-155140
3869,18446744073709551615,0,0.65380859375,692.2108154296875,1873.35009765625,45.9554443359375,121.48919677734375,20250225-155140
3869,18446744073709551615,0,0.796875,686.7919921875,1465.982177734375,100.905029296875,90.4090576171875,20250225-155140
3869,18446744073709551615,0,0.802734375,679.5785522460938,674.199462890625,93.7657470703125,103.64071655273438,20250225-155140
3869,18446744073709551615,0,0.8115234375,799.849365234375,1805.1060791015625,114.40997314453125,274.68328857421875,20250225-155140
3869,18446744073709551615,0,0.86669921875,617.542236328125,451.2178955078125,260.6195983886719,265.10888671875,20250225-155140
3869,18446744073709551615,0,0.91650390625,512.6493530273438,1.087646484375,469.6295471191406,557.3720703125,20250225-155140
3869,18446744073709551615,0,0.9384765625,174.34625244140625,599.971435546875,968.7440185546875,893.592041015625,20250225-155140
3870,18446744073709551615,0,0.21533203125,656.848876953125,1393.576416015625,82.36862182617188,121.358642578125,20250225-155141
3870,18446744073709551615,0,0.27197265625,701.2930908203125,616.183349609375,35.54704284667969,57.685546875,20250225-155141
3870,18446744073709551615,0,0.3857421875,665.03466796875,1566.85595703125,125.719482421875,109.17251586914062,20250225-155141
3870,18446744073709551615,0,0.393310546875,671.6727294921875,390.5972900390625,104.12013244628906,154.0286865234375,20250225-155141
3870,18446744073709551615,0,0.4091796875,621.73388671875,1683.862548828125,207.163330078125,236.90341186523438,20250225-155141
3870,18446744073709551615,0,0.439697265625,685.3948974609375,821.6478881835938,41.790985107421875,25.891204833984375,20250225-155141
3870,18446744073709551615,0,0.5537109375,680.5581665039062,736.0267333984375,53.268951416015625,61.2198486328125,20250225-155141
3870,18446744073709551615,0,0.56689453125,689.6757202148438,1877.6971435546875,41.6649169921875,119.29550170898438,20250225-155141
3870,18446744073709551615,0,0.5830078125,623.3362426757812,1264.7918701171875,197.27581787109375,145.54074096679688,20250225-155141
3870,18446744073709551615,0,0.673828125,696.2347412109375,1469.6026611328125,97.9178466796875,78.82571411132812,20250225-155141
3870,18446744073709551615,0,0.77685546875,678.234375,673.743896484375,73.58930969238281,100.16665649414062,20250225-155141
3870,18446744073709551615,0,0.796875,800.4271240234375,1805.740966796875,113.590576171875,274.12298583984375,20250225-155141
3870,18446744073709551615,0,0.873046875,617.6319580078125,448.8401184082031,257.60772705078125,262.6943664550781,20250225-155141
3870,18446744073709551615,0,0.9189453125,511.7903137207031,0.967529296875,466.1736145019531,558.9503173828125,20250225-155141
3870,18446744073709551615,0,0.939453125,156.03369140625,593.5938720703125,987.572021484375,910.9883422851562,20250225-155141
3871,18446744073709551615,0,0.2294921875,665.5380249023438,1567.739501953125,122.7982177734375,107.9315185546875,20250225-155142
3871,18446744073709551615,0,0.33984375,698.5823364257812,615.8277587890625,35.70231628417969,58.380523681640625,20250225-155142
3871,18446744073709551615,0,0.34521484375,654.6641235351562,1388.67529296875,96.40475463867188,126.47616577148438,20250225-155142
3871,18446744073709551615,0,0.37939453125,663.1675415039062,331.70819091796875,140.07733154296875,162.240234375,20250225-155142
3871,18446744073709551615,0,0.415771484375,620.9620361328125,1565.354736328125,330.93438720703125,306.46746826171875,20250225-155142
3871,18446744073709551615,0,0.421630859375,691.0286865234375,1886.5191650390625,32.879150390625,109.011474609375,20250225-155142
3871,18446744073709551615,0,0.5439453125,624.574951171875,1271.529052734375,194.74612426757812,152.6187744140625,20250225-155142
3871,18446744073709551615,0,0.73046875,696.55419921875,1469.638916015625,97.6787109375,79.2506103515625,20250225-155142
3871,18446744073709551615,0,0.7646484375,802.964599609375,1804.65185546875,114.7686767578125,271.92718505859375,20250225-155142
3871,18446744073709551615,0,0.79931640625,677.3741455078125,673.7100830078125,97.32028198242188,102.00531005859375,20250225-155142
3871,18446744073709551615,0,0.8837890625,617.7163696289062,445.48590087890625,261.3714599609375,263.3008117675781,20250225-155142
3871,18446744073709551615,0,0.91796875,508.2095947265625,0.9016571044921875,465.7381591796875,562.3500366210938,20250225-155142
3871,18446744073709551615,0,0.93798828125,134.36192321777344,593.9030151367188,985.2315673828125,932.91650390625,20250225-155142
3872,18446744073709551615,0,0.2147216796875,699.9043579101562,616.0894775390625,28.808990478515625,53.544158935546875,20250225-155143
3872,18446744073709551615,0,0.272705078125,689.7572021484375,1886.3514404296875,33.00201416015625,114.189697265625,20250225-155143
3872,18446744073709551615,0,0.291015625,667.1907348632812,1627.0360107421875,66.33966064453125,76.08444213867188,20250225-155143
3872,18446744073709551615,0,0.359375,656.4298095703125,1393.180419921875,78.14035034179688,118.8116455078125,20250225-155143
3872,18446744073709551615,0,0.5517578125,626.32470703125,1273.49755859375,189.53851318359375,146.88327026367188,20250225-155143
3872,18446744073709551615,0,0.595703125,810.1483154296875,1803.368408203125,115.5487060546875,265.5870666503906,20250225-155143
3872,18446744073709551615,0,0.75,696.2221069335938,1465.351806640625,100.40203857421875,79.11520385742188,20250225-155143
3872,18446744073709551615,0,0.7578125,620.6354370117188,1566.720703125,332.5513916015625,194.60073852539062,20250225-155143
3872,18446744073709551615,0,0.7685546875,680.1040649414062,733.2413330078125,55.434173583984375,66.145751953125,20250225-155143
3872,18446744073709551615,0,0.796875,678.4068603515625,660.5487060546875,79.81622314453125,103.47344970703125,20250225-155143
3872,18446744073709551615,0,0.86083984375,617.7349853515625,444.5695495605469,264.6290283203125,270.567626953125,20250225-155143
3872,18446744073709551615,0,0.916015625,128.27586364746094,595.4203491210938,993.2510375976562,939.564697265625,20250225-155143
3872,18446744073709551615,0,0.9189453125,511.0521240234375,0.92138671875,487.2571105957031,561.1360473632812,20250225-155143
3873,18446744073709551615,0,0.2239990234375,703.0496826171875,617.1837158203125,35.318756103515625,52.9837646484375,20250225-155144
3873,18446744073709551615,0,0.2288818359375,665.9708862304688,1632.4552001953125,61.130859375,74.16009521484375,20250225-155144
3873,18446744073709551615,0,0.2401123046875,692.6051025390625,1893.157958984375,26.2408447265625,108.53997802734375,20250225-155144
3873,18446744073709551615,0,0.56884765625,810.6373291015625,1805.36279296875,113.46807861328125,264.60845947265625,20250225-155144
3873,18446744073709551615,0,0.64794921875,626.2662963867188,1271.9637451171875,209.80673217773438,149.88226318359375,20250225-155144
3873,18446744073709551615,0,0.67138671875,620.5805053710938,1568.0877685546875,332.46697998046875,201.08221435546875,20250225-155144
3873,18446744073709551615,0,0.6826171875,677.631591796875,739.7025146484375,50.3917236328125,44.380279541015625,20250225-155144
3873,18446744073709551615,0,0.7822265625,686.3690185546875,1464.599609375,105.42462158203125,88.17782592773438,20250225-155144
3873,18446744073709551615,0,0.8173828125,675.9129638671875,670.511962890625,74.75445556640625,98.02670288085938,20250225-155144
3873,18446744073709551615,0,0.88037109375,617.2681884765625,436.18157958984375,261.78521728515625,217.16455078125,20250225-155144
3873,18446744073709551615,0,0.908203125,514.7308959960938,1.14862060546875,470.32769775390625,554.3801879882812,20250225-155144
3873,18446744073709551615,0,0.94287109375,128.30648803710938,553.3765869140625,1034.036865234375,940.0336303710938,20250225-155144
3874,18446744073709551615,0,0.21728515625,729.9342041015625,234.11215209960938,119.89723205566406,176.1829833984375,20250225-155145
3874,18446744073709551615,0,0.24658203125,664.8045043945312,1570.087158203125,122.7850341796875,108.50363159179688,20250225-155145
3874,18446744073709551615,0,0.26513671875,695.8152465820312,618.198974609375,37.59649658203125,58.061553955078125,20250225-155145
3874,18446744073709551615,0,0.32177734375,660.2437133789062,1412.721435546875,61.39654541015625,117.37445068359375,20250225-155145
3874,18446744073709551615,0,0.609375,677.8841552734375,746.091796875,47.16064453125,47.0921630859375,20250225-155145
3874,18446744073709551615,0,0.6376953125,618.4348754882812,1568.328369140625,328.1531982421875,198.79898071289062,20250225-155145
3874,18446744073709551615,0,0.6435546875,681.9574584960938,1464.704833984375,93.6873779296875,98.2587890625,20250225-155145
3874,18446744073709551615,0,0.74462890625,628.01708984375,1276.373779296875,198.23501586914062,147.79266357421875,20250225-155145
3874,18446744073709551615,0,0.76123046875,801.2561645507812,1806.1995849609375,113.32489013671875,273.3790283203125,20250225-155145
3874,18446744073709551615,0,0.79443359375,677.1106567382812,677.4930419921875,74.64463806152344,99.98052978515625,20250225-155145
3874,18446744073709551615,0,0.87060546875,616.400390625,437.39581298828125,267.82232666015625,251.48345947265625,20250225-155145
3874,18446744073709551615,0,0.9140625,509.39300537109375,1.4564666748046875,466.20556640625,559.5609130859375,20250225-155145
3874,18446744073709551615,0,0.94140625,161.2887725830078,571.6245727539062,1026.028564453125,906.58447265625,20250225-155145
3875,18446744073709551615,0,0.263671875,649.2628784179688,386.0276184082031,99.35824584960938,175.89724731445312,20250225-155146
3875,18446744073709551615,0,0.271240234375,662.3541870117188,1412.837890625,62.74237060546875,114.58877563476562,20250225-155146
3875,18446744073709551615,0,0.273681640625,697.6046142578125,1857.55810546875,61.67779541015625,117.2779541015625,20250225-155146
3875,18446744073709551615,0,0.5556640625,684.544921875,1465.4033203125,94.4970703125,93.605712890625,20250225-155146
3875,18446744073709551615,0,0.57275390625,680.0634155273438,745.3773193359375,48.38031005859375,50.637725830078125,20250225-155146
3875,18446744073709551615,0,0.60205078125,695.5614624023438,1794.4940185546875,75.08184814453125,93.31118774414062,20250225-155146
3875,18446744073709551615,0,0.7265625,613.4177856445312,1567.16259765625,318.232177734375,290.6773681640625,20250225-155146
3875,18446744073709551615,0,0.74169921875,631.17919921875,1277.514404296875,199.57305908203125,145.10678100585938,20250225-155146
3875,18446744073709551615,0,0.7880859375,799.2247924804688,1807.391845703125,111.9569091796875,275.3294677734375,20250225-155146
3875,18446744073709551615,0,0.81396484375,678.2268676757812,676.2439575195312,74.90579223632812,103.49221801757812,20250225-155146
3875,18446744073709551615,0,0.8642578125,616.3927001953125,441.6598205566406,269.328857421875,264.1191101074219,20250225-155146
3875,18446744073709551615,0,0.900390625,513.7027587890625,1.270660400390625,465.66845703125,555.47802734375,20250225-155146
3875,18446744073709551615,0,0.93994140625,156.01748657226562,586.9365844726562,1024.494140625,911.7449340820312,20250225-155146
3876,18446744073709551615,0,0.32421875,658.5928344726562,1411.485107421875,107.81478881835938,127.50119018554688,20250225-155147
3876,18446744073709551615,0,0.36572265625,666.0487060546875,1588.91357421875,113.3056640625,106.2132568359375,20250225-155147
3876,18446744073709551615,0,0.5439453125,630.2962646484375,1280.8419189453125,196.881591796875,149.15231323242188,20250225-155147
3876,18446744073709551615,0,0.57958984375,635.3479614257812,1682.6962890625,220.8365478515625,271.04132080078125,20250225-155147
3876,18446744073709551615,0,0.5888671875,802.6375122070312,1805.464599609375,113.44061279296875,273.0252685546875,20250225-155147
3876,18446744073709551615,0,0.7392578125,677.0491333007812,689.3251953125,85.80313110351562,104.17767333984375,20250225-155147
3876,18446744073709551615,0,0.87060546875,616.8623046875,436.0318603515625,271.25555419921875,249.09979248046875,20250225-155147
3876,18446744073709551615,0,0.9033203125,512.1948852539062,0.9660186767578125,469.81036376953125,556.160400390625,20250225-155147
3876,18446744073709551615,0,0.9482421875,129.6038818359375,575.9412231445312,1034.0087890625,938.1791381835938,20250225-155147
3877,18446744073709551615,0,0.286865234375,667.3273315429688,1802.074951171875,117.43798828125,234.996826171875,20250225-155148
3877,18446744073709551615,0,0.5498046875,679.9707641601562,749.8828125,46.04718017578125,43.212249755859375,20250225-155148
3877,18446744073709551615,0,0.615234375,629.4153442382812,1279.8223876953125,240.42095947265625,154.77090454101562,20250225-155148
3877,18446744073709551615,0,0.61962890625,628.4615478515625,1587.48779296875,240.2109375,145.43472290039062,20250225-155148
3877,18446744073709551615,0,0.70751953125,795.4010009765625,1816.95556640625,102.53265380859375,279.5135192871094,20250225-155148
3877,18446744073709551615,0,0.82080078125,677.6867065429688,677.9415283203125,80.84124755859375,100.612060546875,20250225-155148
3877,18446744073709551615,0,0.86865234375,616.8733520507812,440.30450439453125,269.3487854003906,254.18765258789062,20250225-155148
3877,18446744073709551615,0,0.91259765625,519.2047119140625,1.3187255859375,468.830810546875,549.723876953125,20250225-155148
3877,18446744073709551615,0,0.9443359375,126.41976928710938,575.2597045898438,1032.209716796875,941.7485961914062,20250225-155148
3878,18446744073709551615,0,0.20556640625,662.566162109375,860.400390625,82.7625732421875,37.50018310546875,20250225-155149
3878,18446744073709551615,0,0.2744140625,649.4351806640625,423.2665100097656,66.20361328125,172.32183837890625,20250225-155149
3878,18446744073709551615,0,0.291015625,668.6336059570312,1580.239013671875,93.609375,104.91778564453125,20250225-155149
3878,18446744073709551615,0,0.294921875,696.863037109375,1784.092529296875,84.4193115234375,135.20233154296875,20250225-155149
3878,18446744073709551615,0,0.322509765625,628.4185791015625,1659.873046875,164.86798095703125,146.10205078125,20250225-155149
3878,18446744073709551615,0,0.4970703125,693.1475830078125,1857.6551513671875,61.65582275390625,113.70730590820312,20250225-155149
3878,18446744073709551615,0,0.61669921875,679.575439453125,747.771240234375,49.66717529296875,53.99688720703125,20250225-155149
3878,18446744073709551615,0,0.642578125,814.0576171875,1805.655029296875,113.736328125,260.3792724609375,20250225-155149
3878,18446744073709551615,0,0.75146484375,631.6389770507812,1274.047607421875,240.806396484375,156.73416137695312,20250225-155149
3878,18446744073709551615,0,0.82666015625,677.7266235351562,674.7171020507812,77.32534790039062,99.60891723632812,20250225-155149
3878,18446744073709551615,0,0.85498046875,616.4082641601562,441.3457946777344,266.1806640625,253.49624633789062,20250225-155149
3878,18446744073709551615,0,0.9150390625,514.3948974609375,1.1996612548828125,480.904052734375,554.3310546875,20250225-155149
3878,18446744073709551615,0,0.9453125,124.46173095703125,575.069091796875,1034.09912109375,943.6734008789062,20250225-155149
3879,18446744073709551615,0,0.443603515625,695.561767578125,1810.4278564453125,109.086181640625,198.11370849609375,20250225-155150
3879,18446744073709551615,0,0.56494140625,677.7518310546875,749.677490234375,45.78263854980469,44.06158447265625,20250225-155150
3879,18446744073709551615,0,0.57666015625,657.9920654296875,393.6709899902344,108.28193664550781,167.73440551757812,20250225-155150
3879,18446744073709551615,0,0.630859375,667.3837280273438,1667.139404296875,179.75262451171875,108.69937133789062,20250225-155150
3879,18446744073709551615,0,0.63623046875,797.1271362304688,1810.7010498046875,108.79833984375,278.1924133300781,20250225-155150
3879,18446744073709551615,0,0.70751953125,694.1372680664062,1449.9298095703125,69.818115234375,94.82757568359375,20250225-155150
3879,18446744073709551615,0,0.71484375,631.7839965820312,1274.603759765625,191.88565063476562,135.737548828125,20250225-155150
3879,18446744073709551615,0,0.83203125,678.0391845703125,676.8539428710938,75.80268859863281,88.0894775390625,20250225-155150
3879,18446744073709551615,0,0.86376953125,616.11279296875,462.34716796875,251.455810546875,254.13885498046875,20250225-155150
3879,18446744073709551615,0,0.9013671875,521.4556884765625,0.878448486328125,477.69390869140625,550.9026489257812,20250225-155150
3879,18446744073709551615,0,0.94287109375,133.50146484375,574.0808715820312,1035.707275390625,934.7367553710938,20250225-155150
3880,18446744073709551615,0,0.230224609375,690.0091552734375,540.1397705078125,64.30769348144531,77.54837036132812,20250225-155151
3880,18446744073709551615,0,0.43115234375,795.4751586914062,1801.2626953125,118.23028564453125,278.2427673339844,20250225-155151
3880,18446744073709551615,0,0.66796875,630.733154296875,1271.292724609375,211.8980712890625,156.28106689453125,20250225-155151
3880,18446744073709551615,0,0.7294921875,684.4415283203125,1682.7242431640625,170.36773681640625,90.92486572265625,20250225-155151
3880,18446744073709551615,0,0.7392578125,646.647705078125,372.2223815917969,183.19454956054688,176.3822021484375,20250225-155151
3880,18446744073709551615,0,0.80322265625,623.9067993164062,500.4345703125,248.23411560058594,207.96615600585938,20250225-155151
3880,18446744073709551615,0,0.91748046875,515.1267700195312,1.0250244140625,474.1103210449219,554.1092529296875,20250225-155151
3880,18446744073709551615,0,0.93115234375,173.07733154296875,589.6656494140625,1012.9639892578125,895.187255859375,20250225-155151
3881,18446744073709551615,0,0.541015625,624.7391967773438,516.0775146484375,263.23773193359375,217.78152465820312,20250225-155152
3881,18446744073709551615,0,0.5869140625,688.7433471679688,554.1505126953125,70.83920288085938,79.08407592773438,20250225-155152
3881,18446744073709551615,0,0.63525390625,793.2764282226562,1800.88037109375,118.62359619140625,280.92974853515625,20250225-155152
3881,18446744073709551615,0,0.6591796875,681.8021850585938,1692.3167724609375,160.70654296875,94.37640380859375,20250225-155152
3881,18446744073709551615,0,0.70263671875,628.303466796875,1285.7752685546875,230.972900390625,355.99603271484375,20250225-155152
3881,18446744073709551615,0,0.75048828125,644.5303344726562,419.950927734375,139.32984924316406,177.72006225585938,20250225-155152
3881,18446744073709551615,0,0.91796875,515.8361206054688,1.2855377197265625,473.5337219238281,553.900390625,20250225-155152
3881,18446744073709551615,0,0.94482421875,243.80703735351562,590.0604858398438,883.0687866210938,823.2072143554688,20250225-155152
3882,18446744073709551615,0,0.25244140625,670.7598266601562,1197.632080078125,72.7445068359375,31.724945068359375,20250225-155153
3882,18446744073709551615,0,0.30078125,741.3084716796875,248.10964965820312,108.18427276611328,162.18603515625,20250225-155153
3882,18446744073709551615,0,0.418701171875,666.9202880859375,1589.7967529296875,134.41864013671875,106.74142456054688,20250225-155153
3882,18446744073709551615,0,0.638671875,687.1473999023438,1699.95703125,155.9622802734375,89.34100341796875,20250225-155153
3882,18446744073709551615,0,0.64404296875,794.9210815429688,1800.70263671875,118.7918701171875,279.4192199707031,20250225-155153
3882,18446744073709551615,0,0.662109375,680.923583984375,736.80908203125,57.670806884765625,65.19488525390625,20250225-155153
3882,18446744073709551615,0,0.71484375,629.4931640625,1268.83740234375,235.28173828125,347.7600402832031,20250225-155153
3882,18446744073709551615,0,0.76708984375,654.8911743164062,411.2490234375,181.5421142578125,173.375244140625,20250225-155153
3882,18446744073709551615,0,0.77392578125,622.2052001953125,543.0455322265625,195.0106201171875,255.56570434570312,20250225-155153
3882,18446744073709551615,0,0.912109375,515.7889404296875,1.085723876953125,472.24169921875,555.4617919921875,20250225-155153
3882,18446744073709551615,0,0.93994140625,300.4202880859375,591.6373901367188,863.6182250976562,768.676025390625,20250225-155153
